{"train": [0.7085359973065993, 0.6342038522748387, 0.49915888484786536, 0.4562371289028841, 0.42796705049626965, 0.4222926122300765, 0.4186916039270513, 0.4182658568901174, 0.41795990747563977, 0.4178757986601661, 0.4179225658669191, 0.417985679472194, 0.4178804783260121, 0.4177827323184294, 0.4179171397405512, 0.41789768022649426, 0.41791091140578773, 0.4178591907024384, 0.4178717515047859, 0.4178658837781233, 0.4178985462469213, 0.4179171769058003, 0.41791820631307713, 0.4178899719434626, 0.417992901802063, 0.4178899964865516, 0.41789056238006145, 0.4179607310715844, 0.4177475368275362, 0.41795348840601304, 0.41788774904082804, 0.41802735609166763, 0.41783215386026046, 0.41787394951371587, 0.41783573627471926, 0.41800634615561544, 0.41789114475250244, 0.41787376631708706, 0.4179363653940313, 0.4179271193111644, 0.41787401578005623, 0.41790304639760184, 0.41795776346150565, 0.41786020152709064, 0.41791819228845484, 0.417822847997441, 0.4179247161921333, 0.41787148679003994, 0.4180331275743597, 0.41795693390509664], "test": [0.6880057886855243, 0.6575238990457091, 0.6382639493844281, 0.6379971002062707, 0.6361171264354497, 0.6345357560131648, 0.6345074299263628, 0.6344033185749838, 0.6344000288884933, 0.6343910690039805, 0.6343909563267067, 0.6343908281358954, 0.63439084650719, 0.6343908436494331, 0.6343908273193934, 0.6343908301771504, 0.6343908301771504, 0.6343908220121305, 0.6343908220121305, 0.6343908220121305, 0.6343908220121305, 0.6343908220121305, 0.6343908220121305, 0.6343908220121305, 0.6343908220121305, 0.6343908220121305, 0.6343908220121305, 0.6343908220121305, 0.6343908220121305, 0.6343908220121305, 0.6343908220121305, 0.6343908220121305, 0.6343908220121305, 0.6343908220121305, 0.6343908220121305, 0.6343908220121305, 0.6343908220121305, 0.6343908220121305, 0.6343908220121305, 0.6343908220121305, 0.6343908220121305, 0.6343908220121305, 0.6343908220121305, 0.6343908220121305, 0.6343908220121305, 0.6343908220121305, 0.6343908220121305, 0.6343908220121305, 0.6343908220121305, 0.6343908220121305]}